<?xml version="1.0"?>
<Runs Version="1" Minor="0">
	<Run Id="dcm_clk_wiz_0_0_synth_1" LaunchDir="E:/KITCODE/Vivado_prj/project_rgb/project_rgb.runs/dcm_clk_wiz_0_0_synth_1" FlowId="Vivado_Synthesis" FromStepId="vivado" ToStepId="vivado"/>
	<Run Id="synth_1" LaunchDir="E:/KITCODE/Vivado_prj/project_rgb/project_rgb.runs/synth_1" FlowId="Vivado_Synthesis" FromStepId="vivado" ToStepId="vivado">
		<Parent Id="dcm_clk_wiz_0_0_synth_1"/>
	</Run>
	<Run Id="impl_1" LaunchDir="E:/KITCODE/Vivado_prj/project_rgb/project_rgb.runs/impl_1" FlowId="Vivado_Implementation" FromStepId="init_design" ToStepId="route_design">
		<Parent Id="synth_1"/>
		<Parent Id="dcm_clk_wiz_0_0_synth_1"/>
	</Run>
</Runs>

